Bats,Age,PA,BA,OBP,SLG,BB%,K%,BB/K,HR%,Lev,Aff,First,Last,ID
Right,18,218,.267,.390,.328,11.927,13.761,86.667,0.000,FRk,ARI,Jose,Curpa,curpa-000jos
Right,23,48,.171,.250,.317,10.417,27.083,38.462,0.000,A-A+,ARI,Manny,Jefferson,jeffer000man
Right,23,131,.168,.237,.235,7.634,32.061,23.810,0.763,AA-A+,CIN,Cassidy,Brown,brown-003cas
Right,28,358,.197,.275,.321,7.821,33.520,23.333,1.955,AAA-AA,MIN-CIN,Taylor,Featherston,feathe000tay
Right,19,131,.219,.366,.267,17.557,9.160,191.667,0.000,FRk,CIN,Jorge,Sequera,sequer000jor
Right,21,10,.300,.300,.400,0.000,60.000,0.000,0.000,Rk,CIN,Mauro,Conde,conde-000mau
Right,23,427,.220,.301,.332,7.260,19.438,37.349,0.937,A+-Rk,ARI,Cam,Duzenack,duzena000cam
Right,22,166,.250,.339,.396,10.241,21.084,48.571,1.807,Rk-A-,ARI,Alex,King,king--000ale
Left,21,77,.078,.224,.094,14.286,32.468,44.000,0.000,Rk,ARI,Luis,Cossio,cossio000lui
Left,18,199,.216,.302,.273,9.045,16.583,54.545,0.503,FRk,ARI,Andres,Cordero,corder001and
Left,24,70,.232,.371,.268,17.143,22.857,75.000,0.000,A-Rk-A-,ARI,Terence,Connelly,connel003ter
Both,18,146,.213,.308,.268,10.959,27.397,40.000,0.685,FRk,CIN,Samuel,Colmenarez,colmen001sam
Right,23,208,.271,.327,.432,6.731,31.731,21.212,2.404,A+-A-AA,CIN,Malik,Collymore,collym000mal
Left,18,85,.127,.262,.183,15.294,25.882,59.091,0.000,Rk,ARI,Dominique,Collie,collie000dom
Right,19,123,.200,.252,.348,1.626,47.154,3.448,1.626,FRk,CIN,Jorge,Sencion,sencio000jor
Right,19,150,.252,.295,.367,4.667,25.333,18.421,2.667,Rk,CIN,Leonardo,Seminati,semina000leo
Right,28,300,.265,.333,.448,9.000,26.333,34.177,3.333,AAA,CIN,Steve,Selsky,selsky002ste
Right,18,124,.274,.306,.359,4.032,22.581,17.857,1.613,Rk,CIN,Victor,Ruiz,ruiz--001vic
Right,21,277,.227,.331,.349,8.664,25.271,34.286,1.444,A--A,ARI,Tra,Holmes,holmes000tra
Right,23,377,.298,.347,.427,4.775,11.936,40.000,1.857,A,ARI,Jancarlos,Cintron,cintro001jan
Left,17,193,.251,.326,.450,10.363,26.943,38.462,2.073,FRk,CIN,Darlin,Guzman,guzman001dar
Right,31,191,.261,.351,.503,11.518,28.272,40.741,4.712,AAA-AA,ARI,Cody,Decker,decker001cod
Right,22,310,.225,.310,.324,7.742,24.516,31.579,0.968,A,CIN,Mark,Kolozsvary,kolozs000mar
Both,23,186,.189,.257,.238,6.989,25.806,27.083,0.000,A+-AAA,ARI,Raymel,Flores,flores002ray
,,,,,,,,,,,,Juan,Araujo,araujo003jua
Both,17,204,.212,.299,.279,9.804,25.490,38.462,0.490,FRk,ARI,Sergio,Gutierrez,gutier001ser
,,,,,,,,,,,,Bryan,Araiza,araiza000bry
Left,26,223,.215,.299,.308,10.314,18.834,54.762,1.345,AAA,BOS,Ramón,Flores,flores002ram
Right,24,539,.293,.328,.474,5.566,22.820,24.390,3.525,AAA-AA,CIN,Gabriel,Guerrero,guerre000gab
Left,22,484,.309,.394,.424,11.157,13.430,83.077,1.860,A-A+,ARI-MIN,Ernie,De La Trinidad,delatr000ern
Right,17,166,.245,.307,.318,6.627,19.277,34.375,0.000,FRk,ARI,Roman,Ruiz,ruiz--003rom
Left,25,56,.077,.125,.115,1.786,35.714,5.000,0.000,Ind,,Austin,Byler,byler-000aus
Right,25,99,.250,.303,.337,6.061,38.384,15.789,1.010,AA-AAA,ARI,Jose,Queliz,queliz000jos
Both,24,315,.229,.265,.321,4.127,23.810,17.333,0.952,AA-A+-AAA,ARI,Jose,Vinicio,vinici001jos
Right,19,66,.250,.288,.267,6.061,18.182,33.333,0.000,Rk,ARI,Luvin,Valbuena,valbue000luv
Right,31,179,.253,.288,.313,4.469,15.642,28.571,1.117,AA-AAA,ARI,Alberto,Rosario,rosari001alb
Left,19,276,.297,.382,.452,10.145,24.275,41.791,2.899,A-,ARI,Andy,Yerzy,yerzy-000and
Left,23,126,.266,.365,.358,13.492,24.603,54.839,0.000,A,NYY,Matt,McPhearson,mcphea000mat
Right,21,102,.176,.250,.187,8.824,29.412,30.000,0.000,Rk,CIN,Satchel,McElroy,mcelro000sat
Right,23,343,.212,.312,.350,10.787,30.321,35.577,2.332,A+-A,ARI,Stephen,Smith,smith-021ste
Left,22,504,.255,.343,.392,11.310,12.897,87.692,2.183,A+,ARI,Pavin,Smith,smith-000pav
Left,20,253,.288,.375,.443,9.091,16.206,56.098,1.186,A--Rk,ARI,Jake,McCarthy,mccart005jac
Left,20,65,.278,.385,.352,15.385,30.769,50.000,1.538,Rk,ARI,Jordan,McArdle,mcardl000jor
Right,20,454,.211,.284,.383,8.370,33.040,25.333,2.423,A--A,ARI,Joey,Rose,rose--000joe
Right,28,507,.303,.395,.394,11.440,12.229,93.548,0.986,Ind,,Alfredo,Rodriguez,rodrig005alf
Right,24,172,.210,.273,.312,6.395,18.605,34.375,1.163,A+-AA-Rk,CIN,Alfredo,Rodriguez,rodrig008alf
Right,17,256,.279,.363,.428,10.547,26.172,40.299,2.734,Rk,ARI,Kristian,Robinson,robins000kri
Left,25,154,.235,.325,.318,11.688,22.727,51.429,0.649,AAA,,James,Vasquez,vasque000jam
Right,24,340,.262,.382,.415,12.647,22.647,55.844,2.647,MLB,TBR,Daniel,Robertson,robert004dan
Left,21,354,.294,.367,.475,8.475,20.339,41.667,3.390,A+-Rk,ARI,Daulton,Varsho,varsho000dau
Right,23,119,.174,.216,.183,3.361,13.445,25.000,0.000,A+-A,CIN,Hector,Vargas,vargas002hec
Right,24,110,.319,.436,.538,13.636,23.636,57.692,3.636,Rk,ARI,Joe,Robbins,robbin000joe
Right,32,420,.262,.360,.406,10.238,14.524,70.492,2.143,AA-AAA,ARI,Daniel,Robertson,robert002dan
Left,23,483,.260,.337,.454,10.559,19.048,55.435,2.484,AAA-AA,CIN,Josh,VanMeter,vanmet002jos
Left,19,212,.229,.344,.343,13.208,31.604,41.791,1.887,FRk,ARI,Carmelo,Paulino,paulin003car
Both,19,439,.280,.345,.348,7.973,16.173,49.296,0.683,A,ARI-MIN,Gabriel,Maciel,maciel000gab
Right,19,191,.271,.351,.312,8.901,25.131,35.417,0.000,Rk,ARI,Jesus,Marriaga,marria000jes
Right,21,502,.235,.309,.369,8.765,28.088,31.206,1.992,A+,ARI,Marcus,Wilson,wilson006mar
Left,27,196,.244,.352,.357,13.265,27.551,48.148,1.020,AAA-AA-Rk,ARI,Evan,Marzilli,marzil000eva
Left,22,227,.253,.341,.404,10.573,23.348,45.283,2.643,Rk-A,CIN,Reshard,Munroe,munroe000res
Right,22,332,.266,.344,.415,9.036,23.795,37.975,1.807,AA-A-A+,CIN,Narciso,Crook,crook-000nar
Right,23,293,.259,.336,.340,9.215,14.334,64.286,0.683,AAA-AA,CIN,Chadwick,Tromp,tromp-000cha
Left,25,80,.284,.304,.392,3.750,23.750,15.789,1.250,MLB,TBR,Michael,Pérez,perez-004mic
Left,20,274,.260,.338,.351,10.219,13.869,73.684,0.730,A--A,ARI,Jorge,Perez,perez-016jor
Both,18,257,.322,.438,.460,15.175,17.121,88.636,1.556,A--Rk,ARI,Geraldo,Perdomo,perdom000ger
Right,17,161,.259,.311,.340,6.832,18.012,37.931,0.621,FRk-Rk,ARI,Liover,Peguero,peguer001lio
Left,20,461,.277,.375,.406,12.581,22.777,55.238,1.735,A+,CIN,Taylor,Trammell,tramme000tay
Right,24,14,.214,.214,.214,0.000,28.571,0.000,0.000,MLB,CIN,Blake,Trahan,trahan000bla
Left,25,359,.211,.323,.325,8.635,30.641,28.182,0.836,AA,ARI,Galli,Cribbs,cribbs000gal
Left,19,199,.230,.268,.294,4.020,23.116,17.391,1.005,Rk,ARI,Jesus,Munoz,munoz-002jes
Right,21,57,.220,.291,.280,1.754,21.053,8.333,1.754,AAA-Rk-A+,CIN,Valentin,Martinez,martin000val
Right,18,167,.181,.217,.271,4.192,34.731,12.069,1.796,FRk-Rk,ARI,Sandy,Martinez,martin007san
Right,20,128,.225,.262,.350,2.344,31.250,7.500,1.562,A,ARI,Eduardo,Diaz,diaz--004edu
Right,24,377,.304,.374,.475,8.223,19.363,42.466,2.387,A+-A,ARI,Renae,Martinez,martin004ren
Left,18,74,.179,.243,.239,8.108,41.892,19.355,1.351,Rk,ARI,Dalgeli,Diaz,diaz--000dal
,,,,,,,,,,,,Juan,Martinez,martin042jua
,,,,,,,,,,,,Marcus,Wilson,wilson007mar
,,,,,,,,,,,,Juan,Martinez,martin038jua
Right,21,174,.255,.355,.324,11.494,20.690,55.556,0.000,A,CIN,J.D.,Williams,salmon000jd-
Right,19,216,.270,.341,.460,9.259,20.370,45.455,3.704,Rk,CIN,Juan,Martinez,martin041jua
Right,19,251,.258,.296,.449,3.187,22.709,14.035,3.187,Rk,CIN,Jonathan,Willems,willem000jon
Right,31,422,.268,.329,.346,7.583,16.114,47.059,1.185,AAA,,Juan,Martinez,martin018jua
,,,,,,,,,,,,Blake,Wiggins,wiggin000bla
Both,21,269,.222,.275,.387,5.948,32.714,18.182,2.974,A-,ARI,Francis,Martinez,martin025fra
Left,22,40,.158,.179,.158,0.000,25.000,0.000,0.000,A+,CIN,Shane,Mardirosian,mardir000sha
Left,18,272,.333,.395,.463,8.824,13.603,64.865,0.735,Rk,ARI,Alek,Thomas,thomas002ale
Right,22,263,.291,.312,.450,3.042,20.913,14.545,3.422,Rk,CIN,Pabel,Manzanero,manzan000pab
Right,17,153,.258,.392,.375,17.647,24.183,72.973,0.654,FRk,ARI,Ramses,Malave,malave000ram
Both,18,125,.173,.322,.214,14.400,40.000,36.000,0.000,FRk,CIN,Aiverson,Palacios,palaci000aiv
Both,22,429,.278,.397,.402,16.084,19.814,81.176,1.166,A+-A,CIN,Michael,Beltre,beltre000mic
Left,22,127,.209,.283,.357,8.661,33.071,26.190,2.362,Rk,CIN,Justin,Bellinger,bellin000jus
Left,18,116,.179,.235,.245,4.310,26.724,16.129,0.862,FRk,CIN,Deybert,Lozano,lozano000dey
Right,18,214,.272,.402,.439,11.682,21.028,55.556,2.804,FRk,CIN,Allan,Cerda,cerda-001all
Right,19,85,.167,.294,.236,9.412,20.000,47.059,1.176,FRk,CIN,Ronard,Soto,soto--001ron
Left,26,376,.280,.358,.512,10.372,21.277,48.750,3.723,AA-AAA,CIN,Brian,O'Grady,ogrady000bri
Right,21,124,.237,.282,.325,4.839,12.903,37.500,0.806,FRk,CIN,Junior,Melo,melo--000jun
Left,22,265,.310,.362,.488,6.792,15.094,45.000,3.019,Rk,CIN,Drew,Mount,mount-000dre
Both,21,141,.212,.255,.280,5.674,16.312,34.783,0.709,A-A-,ARI,Jose,Herrera,herrer014jos
Left,24,374,.272,.319,.507,4.813,24.866,19.355,5.080,Ind,,Grant,Heyman,heyman000gra
Right,26,323,.305,.353,.416,6.811,14.241,47.826,1.548,AA-Rk,ARI,Marty,Herum,herum-000mar
Both,18,139,.226,.390,.358,17.986,20.144,89.286,0.000,FRk,ARI,Eduardo,Herrera,herrer000edu
Right,22,454,.261,.297,.478,3.084,22.247,13.861,4.405,A+,ARI,Ramon,Hernandez,hernan011ram
Right,19,262,.280,.322,.374,6.107,14.885,41.026,0.763,Rk,CIN,Miguel,Hernandez,hernan014mig
Both,19,256,.307,.320,.414,1.953,23.438,8.333,1.172,Rk,ARI,Eddie,Hernandez,hernan002edd
Right,19,245,.233,.294,.354,6.531,26.939,24.242,1.633,FRk,ARI,Alexander,Hernandez,hernan020ale
Right,24,425,.232,.292,.363,7.529,26.588,28.319,2.118,AA-A+,ARI,Jason,Morozowski,morozo000jas
Right,17,173,.128,.238,.203,8.671,35.260,24.590,0.578,FRk,ARI,Manuel,Montas,montas001man
Left,28,434,.331,.378,.467,6.912,17.742,38.961,0.922,AA-AAA,ARI,Kevin,Medrano,medran000kev
,,,,,,,,,,,,Mario,Soto,soto--005mar
Right,24,31,.318,.484,.409,25.806,19.355,133.333,0.000,A+-AA,ARI,David,Sopilka,sopilk001dav
Right,20,417,.292,.332,.382,3.357,13.669,24.561,0.240,A,BOS-CIN,Lorenzo,Cedrola,cedrol000lor
Right,18,97,.226,.305,.286,8.247,24.742,33.333,1.031,Rk,CIN,Luis,Lopez,lopez-012lui
Both,22,260,.321,.375,.406,6.923,11.923,58.065,0.000,A,CIN,Alejo,Lopez,lopez-008ale
Right,22,291,.244,.299,.320,5.155,22.337,23.077,0.687,AA-AAA,CIN,Nick,Longhi,longhi000nic
Left,22,522,.261,.353,.412,10.920,23.563,46.341,2.299,AA,CIN,Shed,Long,long--000she
Left,22,143,.222,.266,.319,3.497,29.371,11.905,1.399,A+-A-AAA,CIN,Morgan,Lofstrom,lofstr000mor
Right,19,276,.245,.338,.308,12.681,25.000,50.725,0.725,Rk,CIN,Reniel,Ozuna,ozuna-000ren
Right,22,0,0.0,,0.0,0.000,0.000,0.000,0.000,FRk,TEX,Fernery,Ozuna,ozuna-000fer
Right,23,448,.251,.309,.369,6.920,16.741,41.333,1.562,A+,CIN,Brantley,Bell,bell--000bra
Left,23,102,.211,.297,.278,9.804,28.431,34.483,0.980,Ind,,Zach,Jones,jones-009zac
Both,26,265,.198,.303,.313,12.830,23.019,55.738,2.264,AA-AAA,ARI,Marcus,Littlewood,little008mar
Right,21,184,.240,.380,.433,15.217,23.913,63.636,3.261,A-Rk,CIN,Jonathan,India,india-000joh
Right,20,233,.330,.386,.541,6.867,12.446,55.172,3.433,Rk,CIN,Mariel,Bautista,bautis000mar
Right,20,112,.208,.264,.307,4.464,23.214,19.231,1.786,Rk,CIN,Raul,Juarez,juarez002rau
Right,19,255,.327,.396,.465,10.196,13.333,76.471,1.569,Rk,ARI,Buddy,Kennedy,kenned000bud
Right,21,180,.304,.380,.373,11.111,12.778,86.957,0.000,Rk,ARI,Nick,Dalesandro,dalesa000nic
Right,20,137,.256,.307,.440,5.109,28.467,17.949,4.380,Rk,CIN,Hunter,Oliver,oliver000hun
Right,23,468,.292,.341,.497,5.556,15.598,35.616,4.060,AA-AAA,ARI,Jamie,Westbrook,westbr000jam
Right,24,15,.333,.333,.400,0.000,20.000,0.000,0.000,A+,CIN,Calten,Daal,daal--000car
Right,20,93,.207,.239,.241,3.226,23.656,13.636,0.000,Rk,CIN,Urwin,Juaquin,juaqui000urw
Right,17,260,.201,.291,.281,8.846,23.462,37.705,0.385,FRk,ARI,Juan,Batista,batist007jua
Both,21,361,.249,.328,.340,10.249,20.222,50.685,0.554,A+-A,ARI,Luis,Alejandro Basabe,basabe001lui
Both,17,308,.279,.373,.389,9.416,14.610,64.444,0.974,FRk-Rk,ARI,Jorge,Barrosa,barros001jor
,,,,,,,,,,,,Matt,Jones,jones-012mat
Right,26,164,.243,.311,.358,8.537,33.537,25.455,2.439,AA-Rk,ARI,Matt,Jones,jones-011mat
Left,19,214,.278,.407,.517,15.421,30.374,50.769,1.869,FRk-Rk,CIN,Fidel,Castro,castro002fid
Right,19,230,.274,.309,.419,3.478,12.174,28.571,2.609,Rk,ARI,Brandon,Leyton,leyton000bra
Left,23,449,.272,.379,.359,13.586,22.940,59.223,1.114,A+,CIN,Bruce,Yari,yari--000bru
Left,34,271,.265,.325,.349,8.118,17.712,45.833,0.000,AAA,CIN,Hernan,Iribarren,iribar001her
Right,19,167,.293,.331,.363,4.790,22.156,21.622,1.198,Rk,CIN,Reyny,Reyes,reyes-000rey
Right,18,82,.145,.354,.145,19.512,23.171,84.211,0.000,FRk,ARI,Yordeni,Santana,santan000yor
Right,22,502,.246,.331,.429,10.359,19.522,53.061,2.988,A+,ARI,Drew,Ellis,ellis-001dre
Right,30,361,.282,.385,.407,14.404,22.992,62.651,1.662,AA-AAA,ARI,Josh,Prince,prince001jos
Left,22,166,.277,.349,.345,9.036,12.048,75.000,0.000,A--Rk,ARI,L.T.,Tolbert,tolber000lt-
Right,21,442,.217,.286,.328,8.371,27.828,30.081,2.036,A,CIN,Leandro,Santana,santan000lea
Right,17,200,.250,.295,.426,5.000,22.000,22.727,3.000,Rk,CIN,Debby,Santana,santan000deb
Right,24,336,.213,.281,.315,5.952,28.274,21.053,1.190,A-A+-AAA,CIN,John,Sansone,sanson002joh
Right,21,497,.275,.329,.344,7.445,18.511,40.217,0.402,A,ARI,Yan,Sanchez,sanche001yan
Right,30,247,.298,.350,.453,6.883,23.077,29.825,2.834,AAA,TEX-CIN,Tony,Sanchez,sanche001ton
Right,19,204,.259,.279,.391,2.451,24.020,10.204,0.980,Rk,ARI,David,Sanchez,sanche003dav
Right,19,241,.310,.390,.476,11.203,8.299,135.000,2.075,FRk,ARI,Jose,Reyes,reyes-023jos
Both,35,251,.189,.260,.320,8.765,15.538,56.410,1.594,MLB,NYM,José,Reyes,reyes-005jos
Left,17,270,.225,.341,.374,13.704,27.407,50.000,0.741,FRk,LAA,Jose,Reyes,reyes-026jos
Right,20,193,.269,.347,.345,6.218,7.254,85.714,1.036,Rk,CIN,Brian,Rey,rey---000bri
Right,27,292,.318,.373,.453,6.849,15.068,45.455,1.712,AAA-AA,BOS,Tony,Renda,renda-001ton
Both,20,164,.295,.329,.385,3.659,23.171,15.789,0.610,Rk,CIN,Danielito,Remy,remy--000dan
Right,25,291,.257,.324,.377,8.247,20.275,40.678,1.718,AAA-Rk,NYM-ARI,Jack,Reinheimer,reinhe001jac
Right,34,293,.276,.358,.537,10.922,24.915,43.836,5.119,AAA,ARI,Anthony,Recker,recker001ant
Left,22,552,.289,.356,.380,8.877,18.116,49.000,0.906,A,ARI,Yoel,Yanqui,yanqui000yoe
Right,17,257,.208,.304,.281,10.117,24.903,40.625,0.778,FRk,ARI,Neyfy,Castillo,castil001ney
Left,19,164,.253,.331,.356,7.317,21.341,34.286,0.610,Rk,CIN,Cash,Case,case--000cas
Right,18,117,.139,.256,.198,9.402,29.915,31.429,0.000,FRk,ARI,Richard,Caraballo,caraba000ric
Right,21,308,.292,.378,.468,9.740,11.688,83.333,2.922,A--A,ARI,Jose,Caballero,caball003jos
Right,23,93,.174,.228,.209,5.376,46.237,11.628,0.000,A,CIN,Mitch,Piatnik,piatni000mit
Right,25,51,.170,.216,.277,5.882,37.255,15.789,0.000,AA-AAA,CIN,Garrett,Boulware,boulwa000gar
Right,22,102,.209,.333,.314,13.725,32.353,42.424,1.961,Rk-A+,CIN,Robert,Boselli,bosell000rob
Both,23,295,.220,.320,.362,11.864,21.017,56.452,2.034,A+-AA-AAA,CIN,Daniel,Sweet,sweet-001dan
Right,23,446,.209,.291,.344,9.865,27.130,36.364,2.915,AA,CIN,Gavin,LaValley,lavall000gav
Left,22,318,.236,.331,.345,11.635,24.528,47.436,1.258,A,ARI,Tim,Susnara,susnar000tim
Left,20,501,.272,.329,.513,7.784,29.741,26.174,4.990,A-A+,ARI,Jazz,Chisholm,chisho000jas
Both,20,312,.280,.338,.304,7.692,18.910,40.678,0.000,A+-A,CIN,Randy,Ventura,ventur000ran
Right,22,184,.194,.236,.229,3.804,23.913,15.909,0.543,A+-AA,CIN,Alberti,Chavez,chavez003alb
Both,21,387,.278,.308,.380,4.393,15.762,27.869,1.292,A,CIN,Andy,Sugilio,sugili000and
Both,23,194,.213,.314,.254,12.371,21.649,57.143,0.515,A-AA-A+-AAA,ARI,Luis,Lara,lara--004lui
Right,20,50,.150,.300,.200,6.000,28.000,21.429,0.000,Rk-FRk,ARI,Douglas,Lanza,lanza-000dou
Left,24,79,.236,.291,.333,6.329,30.380,20.833,0.000,Ind,,Gavin,Stupienski,stupie000gav
Right,23,127,.209,.299,.264,10.236,23.622,43.333,0.787,A-,ARI,Dan,Swain,swain-000dan
Right,21,450,.250,.338,.392,10.000,21.778,45.918,2.444,A+,CIN,Tyler,Stephenson,stephe000tyl
Right,21,93,.182,.207,.273,2.151,35.484,6.061,2.151,Rk,CIN,Brandt,Stallings,stalli000bra
Right,18,177,.201,.294,.292,10.734,14.124,76.000,1.130,FRk,ARI,Kevin,Noriega,norieg002kev
,,,,,,,,,,,,Luis,Tejada,tejada002lui
,,,,,,,,,,,,Nadir,Ljatifi,ljatif000nad
Right,23,247,.314,.361,.435,4.858,11.741,41.379,0.405,Rk,CIN,Dylan,Harris,harris000dyl
Right,22,185,.203,.319,.342,14.054,34.054,41.270,1.622,Rk,ARI,Joe,Gillette,gillet000joe
Right,22,409,.239,.294,.449,6.846,30.073,22.764,3.178,AA-A+,CIN,Jose,Siri,siri--000jos
Right,21,230,.272,.367,.319,12.174,13.478,90.323,0.435,Rk,CIN,Jay,Schuyler,schuyl000jay
Left,23,375,.287,.347,.461,7.467,17.067,43.750,2.133,A-A+-AA,ARI,Ryan,Grotjohn,grotjo000rya
Right,21,239,.214,.297,.295,9.205,18.828,48.889,0.418,A-,ARI,Keshawn,Lynch,lynch-000kes
Right,22,168,.235,.304,.379,6.548,30.952,21.154,1.786,A+-Rk,ARI,Anfernee,Grier,grier-000anf
Left,19,174,.231,.341,.299,13.218,22.414,58.974,0.000,Rk-A,CIN,Nate,Scantlin,scantl000nat
Right,23,345,.241,.275,.396,4.058,29.855,13.592,1.449,A-A+,ARI,Luis,Silverio,silver003lui
Right,18,86,.165,.209,.291,3.488,39.535,8.824,1.163,Rk,CIN,Isaias,Silverio,silver000isa
Right,18,175,.282,.389,.389,9.143,23.429,39.024,1.143,FRk,CIN,Luis,Tejada,tejada003lui
Right,22,384,.285,.393,.398,13.542,21.875,61.905,1.042,A+,ARI,Mark,Karaviotis,karavi000mar
Right,18,192,.294,.330,.333,4.688,16.667,28.125,0.000,Rk,CIN,Claudio,Finol,finol-000cla
Right,19,260,.349,.402,.447,6.923,8.462,81.818,0.000,Rk-FRk,ARI,Axel,Andueza,anduez000axe
Left,19,191,.242,.353,.373,12.565,29.843,42.105,1.047,Rk-A-,ARI,Kevin,Watson,watson002kev
Left,21,165,.182,.321,.285,13.939,36.970,37.705,0.000,A-,ARI,Ryan,January,januar000rya
Right,23,164,.307,.409,.504,9.756,10.976,88.889,1.829,Rk-A-,ARI,David,Garza,garza-000dav
Left,18,255,.245,.306,.382,7.843,30.588,25.641,2.745,FRk,ARI,Rafael,Jimenez,jimene003raf
Right,24,540,.267,.352,.405,10.370,18.519,56.000,2.037,A+-AA,CIN,Mitch,Nay,nay---001mit
Right,18,140,.240,.343,.264,10.000,16.429,60.870,0.000,FRk,ARI,Manuel,Garcia,garcia019man
,,,,,,,,,,,,Jose,Garcia,garcia043jos
Right,21,184,.236,.375,.439,16.304,41.304,39.474,2.717,Rk,CIN,Bren,Spillane,spilla000bre
,,,,,,,,,,,,Jose,Garcia,reyes-021jos
Right,25,453,.206,.279,.383,7.726,40.177,19.231,3.091,AA-AAA,CIN,Taylor,Sparks,sparks000tay
Left,23,36,.219,.306,.219,11.111,33.333,33.333,0.000,AA-A+,NYM,Jose,Garcia,garcia035jos
Unknown,--,215,.197,.312,.262,12.093,20.465,59.091,0.465,Ind,,Jose,Garcia,garcia046jos
Right,20,517,.245,.290,.344,3.675,21.663,16.964,1.161,A,CIN,Jose,Garcia,garcia047jos
Right,20,187,.245,.346,.390,10.695,17.647,60.606,1.070,Rk,ARI,Cesar,Garcia,garcia001ces
Right,19,126,.186,.328,.225,12.698,30.159,42.105,0.000,FRk,ARI,Andy,Garcia,garcia013and
Left,26,442,.198,.265,.331,7.466,31.222,23.913,2.489,AA,MIA,Eric,Jagielo,jagiel001eri
Right,22,56,.163,.255,.204,7.143,23.214,30.769,0.000,Rk,ARI,Daniel,Wasinger,wasing000dan
Right,24,289,.267,.337,.391,8.304,23.529,35.294,1.730,A+,ARI,Adam,Walton,walton000ada
Right,22,146,.254,.276,.384,3.425,41.781,8.197,2.740,A-Rk,CIN,Raul,Wallace,wallac000rau
Right,26,145,.200,.324,.383,15.172,35.172,43.137,2.759,AA,WSN,Adam,Walker,walker002ada
Right,19,524,.257,.351,.402,9.924,19.656,50.485,2.481,A,CIN,Jeter,Downs,downs-000jet
Left,22,107,.172,.271,.204,7.477,14.953,50.000,0.000,Rk,ARI,Marshawn,Taylor,taylor008mar
Right,23,317,.199,.259,.315,5.994,24.921,24.051,2.208,AA-A+,CIN,Chris,Okey,okey--001chr
Left,20,70,.242,.329,.387,11.429,28.571,40.000,1.429,Rk,CIN,Jake,Turnbull,turnbu000jak
Both,18,168,.199,.321,.284,14.286,17.262,82.759,0.595,FRk,CIN,Jose,Acosta,acosta013jos
Left,22,570,.284,.381,.384,11.579,17.544,66.000,0.877,AA-A+,CIN,TJ,Friedl,friedl000tj-
Right,19,162,.241,.321,.421,9.877,35.185,28.070,2.469,Rk,CIN,Edwin,Yon,yon---000edw
Right,22,406,.235,.283,.384,5.665,29.803,19.008,2.709,A,ARI,Eudy,Ramos,ramos-002eud
Right,19,247,.329,.417,.538,12.551,21.053,59.615,2.024,Rk,ARI,Blaze,Alexander,alexan001bla
Right,18,192,.201,.255,.291,5.208,30.208,17.241,0.521,FRk,CIN,Sebastian,Almonte,almont001seb
Right,22,247,.345,.385,.594,5.263,16.194,32.500,5.263,Rk,ARI,Zach,Almond,almond000zac
Right,27,253,.254,.304,.332,6.719,19.368,34.694,1.186,AAA-AA,SFG,Ronnie,Freeman,freema000ron
Right,23,195,.206,.314,.321,8.718,22.564,38.636,1.538,A--A,ARI,Ryan,Tufts,tufts-001rya
Right,23,228,.274,.378,.347,12.281,19.737,62.222,0.439,A-A-,ARI,Ryan,Dobson,dobson000rya
Right,23,393,.306,.366,.427,5.344,13.740,38.889,1.018,A+-AA,ARI,Dominic,Miroglio,mirogl000dom
Left,29,511,.275,.363,.383,12.524,20.157,62.136,1.174,Ind,,Jared,Mitchell,mitche001jar
Right,22,518,.264,.344,.407,9.266,24.710,37.500,1.737,A-A+,CIN,Stuart,Fairchild,fairch000stu
Right,22,228,.354,.439,.677,12.281,18.860,65.116,6.140,Rk,ARI,Zack,Shannon,shanno000zac
,,,,,,,,,,,,Moises,Rivas,rivas-002moi
Left,21,318,.213,.246,.253,3.774,28.616,13.187,0.000,Rk-A+,CIN,Carlos,Rivero,rivero003car
Right,30,125,.246,.312,.386,8.800,19.200,45.833,2.400,AAA,,Carlos,Rivero,rivero001car
Left,23,228,.230,.289,.407,6.140,39.035,15.730,2.632,A--A-Rk,ARI,William,Gorman,gorman004wil
Right,21,219,.270,.359,.434,9.589,28.767,33.333,2.283,Rk,CIN,Zeek,White,white-000isa
Left,17,228,.181,.303,.275,12.719,21.930,58.000,0.000,FRk,ARI,Carlos,Goris,goris-001car
Left,20,233,.211,.290,.324,9.871,19.742,50.000,0.858,A,CIN,Miles,Gordon,gordon003mil
,,,,,,,,,,,,Victor,Gonzalez,gonzal008vic
,,,,,,,,,,,,Victor,Gonzalez,gonzal011vic
,,,,,,,,,,,,Luis,Gonzalez,gonzal027lui
Right,23,456,.256,.291,.333,4.167,17.105,24.359,0.877,AA-A+,CIN,Luis,Gonzalez,gonzal018lui
Left,22,543,.307,.368,.498,8.840,18.969,46.602,2.578,A+-A,CHW,Luis,Gonzalez,gonzal024lui
Left,26,226,.294,.364,.343,10.177,22.566,45.098,0.000,AA-Rk,ARI,Jay,Gonzalez,gonzal001jay
Right,25,267,.219,.298,.329,8.614,20.225,42.593,1.498,AA-AAA,LAD-CIN,Tyler,Goeddel,goedde000tyl
,,,,,,,,,,,,Arian,Castro,
,,,,,,,,,,,,Axel,Alexio,
,,,,,,,,,,,,Ben,De la rosa,
,,,,,,,,,,,,Bengamin,Alegria,
,,,,,,,,,,,,Brandon,Wikoff,
,,,,,,,,,,,,Bray,Minder,
,,,,,,,,,,,,Cesar,Martinez,
,,,,,,,,,,,,Deivi,Alcantara,
,,,,,,,,,,,,Douglas,Peterson,
,,,,,,,,,,,,Edwards,Guzman,
,,,,,,,,,,,,Elly,De la cruz,
,,,,,,,,,,,,Emillio,Garcia,
,,,,,,,,,,,,Ernesto,Liberators,
,,,,,,,,,,,,Esmil,Torres,
,,,,,,,,,,,,Felix,Abreast,
,,,,,,,,,,,,Francis,Ancona,
,,,,,,,,,,,,Fraudy,Rodriguez,
,,,,,,,,,,,,Fraudys,Jiminez,
,,,,,,,,,,,,Hendrix,Clementina,
,,,,,,,,,,,,James,Marshall,
,,,,,,,,,,,,Jamie,Quercuto,
,,,,,,,,,,,,Jeferson,Geraldo,
,,,,,,,,,,,,Jordan,Cannon,
,,,,,,,,,,,,Jose,Barrero,
,,,,,,,,,,,,Junior,Tamares,
,,,,,,,,,,,,Linares,Linarez,
,,,,,,,,,,,,Livin,Fernandez,
,,,,,,,,,,,,Michael,Spooner,
,,,,,,,,,,,,Ranger,Amador,
,,,,,,,,,,,,Ruben,Nunez,
,,,,,,,,,,,,Thomas,Lora,
,,,,,,,,,,,,Wilmer,Alcantara,
